{"cameraMode":{"drawMode":0,"name":"Shaded","section":"Shading Mode"},"sceneLighting":false,"audioPlay":false,"sceneViewState":{"m_AlwaysRefresh":false,"showFog":true,"showSkybox":false,"showFlares":true,"showImageEffects":true,"showParticleSystems":true,"showVisualEffectGraphs":true,"m_FxEnabled":true},"in2DMode":false,"pivot":{"x":26.96045684814453,"y":1.7630727291107178,"z":1.2767091989517213},"rotation":{"x":0.10104064643383026,"y":-0.39080819487571719,"z":0.04319773614406586,"w":0.9139003157615662},"size":6.391847610473633,"orthographic":false}