{"cameraMode":{"drawMode":0,"name":"Shaded","section":"Shading Mode"},"sceneLighting":false,"audioPlay":false,"sceneViewState":{"m_AlwaysRefresh":false,"showFog":true,"showSkybox":false,"showFlares":true,"showImageEffects":true,"showParticleSystems":true,"showVisualEffectGraphs":true,"m_FxEnabled":true},"in2DMode":false,"pivot":{"x":30.3799991607666,"y":2.4779999256134035,"z":0.37550002336502077},"rotation":{"x":0.003957695327699184,"y":-0.995496392250061,"z":-0.08170481771230698,"w":-0.048115383833646777},"size":0.6462385058403015,"orthographic":false}